Station Name,Street Address,PlugShare Adress,City,State,ZIP,EV Network,EV Network (for NON-Networked),Latitude,Longitude,ID,EV L2 EVSE Num,EV DC Fast Count,EV Connector Types,EV Pricing,PlugShare Info,Combo P,CHAdeMO P,Combo P (network),CHAdeMO P (network),Combo #,CHAdeMO #,Notes,Notes from Network's website,FixedChargingPrice,ChargingUnit,ChargingValue ($),FixedParkingPrice,ParkingUnit,ParkingValue,Nissan==Free,Limit (min),Maximum Price ($),
Bellingham Nissan,1516 Iowa St,,Bellingham,WA,98229,Non-Networked,Nissan,48.755607,-122.454132,39778,2,1,CHADEMO J1772,Free,"37 kW EVgo Level 3 was installed 1/9/17, no RFID required. DCQC (free as of Nov 2018) on east side, sometimes accessible. (50 kw)",50 or 37 ??,,,,,,,,0,min,0,0,min,0,0,,,
Burien Nissan,16042 1st Ave S,,Burien,WA,98148,Non-Networked,Nissan,47.458466,-122.333257,39780,2,1,CHADEMO J1772,Free,"One DCQC. Very crowded, difficult parking. ChargePoint app, RFID, or NFC required for DCQC. All are free to use.",?,,,,,,,,0,min,0,0,min,0,0,,,
Dan Wilder Nissan,53 Jetta Way,97 Deer Park Rd,Port Angeles,WA,98362,Non-Networked,Nissan,48.102863,-123.342273,39788,2,1,CHADEMO J1772,Free,"Non-networked, free. 30 minute timer on the L3 (50 kw)",50,,,,,,,,0,min,0,0,min,0,0,30,,
Puyallup Nissan,101 Valley Ave NW,,Puyallup,WA,98371,Non-Networked,Nissan,47.207367,-122.294997,39789,1,1,CHADEMO J1772,Free,DC Fast: Free,?,,,,,,,,0,min,0,0,min,0,0,,,
Younker Nissan,3401 E Valley Rd,,Renton,WA,98058,Non-Networked,Nissan,47.448281,-122.219286,39791,1,1,CHADEMO J1772,Free,"CHAdeMO Level 3 (Nissan LEAF only), available only during business hours. (50KW) ",50,,,,,,,,0,min,0,0,min,0,0,,,
Dave Smith Nissan - Spokane,6901 E Sprague Ave,,Spokane Valley,WA,99212,Non-Networked,Nissan,47.657264,-117.312518,39796,2,1,CHADEMO J1772,Free,50 kw,50,,,,,,,,0,min,0,0,min,0,0,,,
BELLEFIELD,1300 114th Ave SE,,Bellevue,WA,98004,ChargePoint Network,,47.597293,-122.188069,60412,4,1,CHADEMO J1772,"Pricing is based on length of time. $0 per hour, and $5 per additional hour","DCQC (20 kW/50 Amp) - DC Fast: Free for first 30 minutes, then $5/hr.",20,,,,,,,"Parking Free for First 30 min, Thereafter $5.00/hr",0,min,0,0,min,0,0,30,,
AWNISSAN,3608 NE Auto Mall Dr,,Vancouver,WA,98662,ChargePoint Network,,45.648181,-122.59837,61030,,1,CHADEMO,Free,44 kw,44,,,,,,,,0,min,0,0,min,0,1,,,
REO,1525 14th Ave,,Seattle,WA,98122,ChargePoint Network,,47.614911,-122.3144085,63307,,1,CHADEMO,"Pricing is based on length of time. $1 per hour for the first 1 hour, and $5 per additional hour","$3.00 for a charge (up to an hour), then $5/hr. Pay with ChargePoint or credit/debt card. Parking fees apply.",?,,,,,,,"Parking $1 for first hour, thereafter $5/hr",3,min,0,0,min,1,0,60,,
Town Nissan,555 3rd St SE,,East Wenatchee,WA,98802,Non-Networked,Nissan,47.400783,-120.279071,63444,1,1,CHADEMO J1772,Free,Free,?,,,,,,,,0,min,0,0,min,0,0,,,
EDMONDSNISSAN,24325 HWY 99,,Edmonds,WA,98020,ChargePoint Network,,47.7781913,-122.3448327,65551,,1,CHADEMO,$6 per session,CCS charger is flat rate $6 per session. (Level 2 Free),?,,,,,,,,6,min,0,0,min,0,1 (LEAF ONLY),,,
Wenatchee - Wenatchee Convention Center,200 N Columbia St,,Wenatchee,WA,98801,Webasto,,47.42758,-120.31231,65859,1,1,CHADEMO J1772,"Level 2: $4 per session or $19.99 for monthly plan, DC Fast: $7.50 per session or $19.99 for monthly plan","Webasto network fees. $7.50 for DCQC, $4 for L2, or $19.99/mo (Nissan No Charge To Charge)",,50,,,,,,,7.5,min,0,0,min,0,0,no,,
Centralia - Wendy's,817 Harrison Avenue,,Centralia,WA,98531,Webasto,,46.725274,-122.974224,65861,1,1,CHADEMO J1772,"Level 2: $4 per session or $19.99 for monthly plan, DC Fast: $7.50 per session or $19.99 for monthly plan",$19.99 per month for unlimited charging with key fob! $7.50 per charge for DCQC without key fob. $4.00 per charge for L2 without key fob. Free with Nissan EZ-Charge card.,,50,,,,,,,7.5,min,0,0,min,0,0,no,,
Bellingham - Sehome Village,222 36th St,,Bellingham,WA,98325,Webasto,,48.731457,-122.470706,65862,1,1,CHADEMO J1772,"Level 2: $4 per session or $19.99 for monthly plan, DC Fast: $7.50 per session or $19.99 for monthly plan","Webasto network fees. $7.50 for DCQC, $4 for L2, or $19.99/mo (Nissan No Charge To Charge)",,50,,,,,,,7.5,min,0,0,min,0,0,no,,
Castle Rock - Cascade Select Market,204 W. Cowlitz Street,,Castle Rock,WA,98611,Webasto,,46.276122,-122.910167,65864,1,1,CHADEMO J1772,"DC Fast: $7.50 per session or $19.99 for monthly plan, Level 2: $4 per session or $19.99 for monthly plan","Webasto network fees. $7.50 for DCQC, $4 for L2, or $19.99/mo (Nissan No Charge To Charge)",,50,,,,,,,7.5,min,0,0,min,0,0,no,,
Burlington - The Outlet Shoppes,448 Fashion Way,,Burlington,WA,98233,Webasto,,48.457448,-122.335866,65865,1,1,CHADEMO J1772,"Level 2: $4 per session or $19.99 for monthly plan, DC Fast: $7.50 per session or $19.99 for monthly plan","Webasto network fees. $7.50 for DCQC, $4 for L2, or $19.99/mo (Nissan No Charge To Charge)",,50,,,,,,,7.5,min,0,0,min,0,0,no,,
Ridgefield - Country Café,6370 N. 1st Circle,,Ridgefield,WA,98642,Webasto,,45.817526,-122.683594,65866,1,1,CHADEMO J1772,"DC Fast: $7.50 per session or $19.99 for monthly plan, Level 2: $4 per session or $19.99 for monthly plan","Webasto network fees. $7.50 for DCQC, $4 for L2, or $19.99/mo (Nissan No Charge To Charge)",,50,,,,,,,7.5,min,0,0,min,0,0,no,,
Skykomish - Sky Deli,148 5th Street N,,Skykomish,WA,98288,Webasto,,47.711268,-121.360495,65869,1,1,CHADEMO J1772,"Level 2: $4 per session or $19.99 for monthly plan, DC Fast: $7.50 per session or $19.99 for monthly plan","Webasto network fees. $7.50 for DCQC, $4 for L2, or $19.99/mo (Nissan No Charge To Charge)",,50,,,,,,,7.5,min,0,0,min,0,0,no,,
BMW OF BELLEVUE,1805-1999 136th Pl NE,,Bellevue,WA,98005,ChargePoint Network,,,-122.1578742,69700,,1,J1772COMBO,Free,2 Free J1772 s and 1 Free CCS/SAE,,?,,,,,,,0,min,0,0,min,0,0,,,
Tumwater - Shell Station & Deli Mart,6131 Capital Blvd SW,6131 Capitol Blvd. SE,Tumwater,WA,98501,Webasto,,46.99353,-122.908081,73412,1,1,CHADEMO J1772,"DC Fast: $7.50 per session or $19.99 for monthly plan, Level 2: $4 per session or $19.99 for monthly plan","Webasto network fees. $7.50 for DCQC, $4 for L2, or $19.99/mo (Nissan No Charge To Charge)",,50,,,,,,,7.5,min,0,0,min,0,0,no,,
Leavenworth - City Hall,700 US Hwy 2,,Leavenworth,WA,98826,Webasto,,47.59501,-120.664684,73413,1,1,CHADEMO J1772,"DC Fast: $7.50 per session or $19.99 for monthly plan, Level 2: $4 per session or $19.99 for monthly plan","Webasto network fees. $7.50 for DCQC, $4 for L2, or $19.99/mo (Nissan No Charge To Charge)",,50,,,,,,,7.5,min,0,0,min,0,0,no,,
Sultan - Sultan Visitor Information Center,320 Main St,,Sultan,WA,98294,Webasto,,47.862157,-121.816597,73415,1,1,CHADEMO J1772,"Level 2: $4 per session or $19.99 for monthly plan, DC Fast: $7.50 per session or $19.99 for monthly plan","Webasto network fees. $7.50 for DCQC, $4 for L2, or $19.99/mo (Nissan No Charge To Charge)",,50,,,,,,,7.5,min,0,0,min,0,0,no,,
Cle Elum,3600 Suncadia Trail,,Cle Elum,WA,98922,Webasto,,47.208469,-121.019582,73431,1,1,CHADEMO J1772,"DC Fast: $7.50 per session or $19.99 for monthly plan, Level 2: $4 per session or $19.99 for monthly plan","Webasto network fees. $7.50 for DCQC, $4 for L2, or $19.99/mo (Nissan No Charge To Charge)",,50,,,,,,,7.5,min,0,0,min,0,0,no,,
Snoqualmie - Snoqualmie Pass Chevron,519 SR 906,521 WA-906,Snoqualmie Pass,WA,98068,Webasto,,47.39194,-121.40061,73433,1,1,CHADEMO J1772,"DC Fast: $7.50 per session or $19.99 for monthly plan, Level 2: $4 per session or $19.99 for monthly plan","Webasto network fees. $7.50 for DCQC, $4 for L2, or $19.99/mo (Nissan No Charge To Charge)",,50,,,,,,,7.5,min,0,0,min,0,0,no,,
Performance Kia,229 SW Everett Mall Way,,Everett,WA,98204,Non-Networked,Kia,47.9060808,-122.2365818,74196,,1,CHADEMO J1772COMBO,,$5/session for non-Soul EV drivers (1 CCS/SAE and 1 CHAdeMMO),?,,,,,,,,5,min,0,0,min,0,0,,,
NISSAN-EVERETT,10500 Evergreen Way,,Everett,WA,98204,ChargePoint Network,,47.902753,-122.24699,75094,,2,CHADEMO,$6 per session,DC Fast: $6. Level 2: Free.,?,,,,,,,,6,min,0,0,min,0,1,,,
Lee Johnson Kia,11845 NE 85th St,,Kirkland,WA,98033,Non-Networked,Kia,47.6786184,-122.1813764,76253,,1,CHADEMO J1772COMBO,,"No cost to charge, but can be very busy during dealer hours. ",?,,,,,,,,0,min,0.25,0,min,0,0,,,
BMW NORTHWEST,4011 20th St E,,Fife,WA,98424,ChargePoint Network,,47.239188,-122.374558,76926,2,1,J1772 J1772COMBO,"Pricing is based on length of time. $0 per hour, and $2 per additional hour",First half hour Free. ChargePoint card required.,?,,,,,,,"Parking Free for First 30 min, Thereafter $5.00/hr",0,min,0,0,min,0,0,30,,
BMW SEATTLE,1002 Airport Way S,,Seattle,WA,98134,ChargePoint Network,,47.59366,-122.32451,78795,,2,J1772COMBO,"Pricing is based on length of time. $5 per hour for the first 1 hour, and $10 per additional hour, minimum payment of $5",Station Parking: First 30min @ $2.00/hour rate; thereafter $10.00/hour,?,,,,2,,,"Charging $5 for first hour, thereafter $10/hr",5,min,0,0,min,0,0,60,,
EDMONDSNISSAN,24325 WA-99,,Edmonds,WA,98026,ChargePoint Network,,47.778399,-122.3442599,82083,,2,CHADEMO J1772COMBO,$6 per session,flat rate $6 per session.,?,50,,,1,3,One Charging point is shared for Combo and CHAdeMO (so actually 3 stations),,6,min,0,0,min,0,1 (LEAF ONLY),,,
DC CORRIDOR,18613 International Blvd,,SeaTac,WA,98188,ChargePoint Network,,47.436037,-122.296325,88018,,4,CHADEMO J1772COMBO,"$0.2 per hour, minimum payment of $4.95, maximum payment of $20, $4.95 per session, maximum session time is 2 hours",DCFast- $4.95 +.20 cents per min. CP card or app is required. ,?,?,,,2,2,,,4.95,min,0,0,min,0.2,0,,20,
DC CORRIDOR,1609 Harvard Ave,,Seattle,WA,98122,ChargePoint Network,,47.6155533,-122.3228502,92472,,2,CHADEMO J1772COMBO,"$0.2 per hour, minimum payment of $4.95, maximum payment of $20, $4.95 per session, maximum session time is 2 hours",$4.95 +.20 per min. ChargePoint RFIDor app is required.,50,50,,,1,1,,,4.95,min,0,0,min,0.2,0,,20,
EDMONDSNISSAN,24015 84th Ave W,,Edmonds,WA,98026,ChargePoint Network,,47.7811507,-122.3457541,92487,,2,CHADEMO J1772COMBO,$6 per session,"Free for Campbell Nissan customers, see Chargepoint for fees.",?,?,,,1,1,,,6,min,0,0,min,0,1 (LEAF ONLY),,,
Bellevue Nissan,14762 SE Eastgate Way,,Bellevue,WA,98007,eVgo Network,,47.580845,-122.143066,93034,,6,CHADEMO,,Nissan No Charge To Charge,-,24,-,44,0,6,"15 Stations (8 Available 7 Unknown) --> Six public CHAdeMO DCQC units, plus two private CHAdeMO units. EVgo Network.",,0,min,0.29,0,min,0,1 (LEAF ONLY),45,,
Bellevue Nissan,14762 SE Eastgate Way,,Bellevue,WA,98007,eVgo Network,,47.580831,-122.143644,93038,,2,CHADEMO,,Nissan No Charge To Charge (not very clear),-,24,-,44,0,2,"15 Stations (8 Available 7 Unknown) --> Six public CHAdeMO DCQC units, plus two private CHAdeMO units. EVgo Network.",,0,min,0.29,0,min,0,1 (LEAF ONLY),45,,
Kirkland Nissan,11930 124th Ave NE,,Kirkland,WA,98034,eVgo Network,,47.707269,-122.17484,93051,,2,CHADEMO ,,"For best pricing, register with EVgo using the EVgo App or at evgo.com ((Nissan No Charge To Charge)",-,48-50,-,50,0,2,(two stations are 48-50 and one stations is 50),,0,min,0.29,0,min,0,1 (LEAF ONLY),45,,
Redmond Town Center,7525 166th Ave NE,,Redmond,WA,98052,eVgo Network,,47.671445,-122.119418,93088,1,2,CHADEMO J1772 J1772COMBO,,"For best pricing, register with EVgo using the EVgo App or at evgo.com ((Nissan No Charge To Charge)",50,50,50,50,2,2,"According to PlugShare, there are two of each available, but there are a total of two parking spots)",,0,min,0.29,0,min,0,1 (LEAF ONLY),45,,
REI,222 Yale Ave N,,Seattle,WA,98109,eVgo Network,,47.620663,-122.329521,93146,1,2,CHADEMO J1772 J1772COMBO,,"For best pricing, register with EVgo using the EVgo App or at evgo.com ((Nissan No Charge To Charge)",50,50,50,50,2,2,"According to PlugShare, there are two of each available, but there are a total of two parking spots)",,0,min,0.29,0,min,0,1 (LEAF ONLY),45,,
Conoco,1293 S Division St,,Ritzville,WA,99169,eVgo Network,,47.118605,-118.365561,93172,,1,CHADEMO J1772COMBO,,"For best pricing, register with EVgo using the EVgo App or at evgo.com ((Nissan No Charge To Charge)",50,50,50,50,1,1,,,0,min,0.29,0,min,0,1 (LEAF ONLY),45,,
Tacoma Mall,4502 S Steele St,,Tacoma,WA,98409,eVgo Network,,47.21543,-122.47068,93339,2,2,CHADEMO J1772 J1772COMBO,,"For best pricing, register with EVgo using the EVgo App or at evgo.com ((Nissan No Charge To Charge)",50,50,50,50,3,3,,,0,min,0.29,0,min,0,1 (LEAF ONLY),45,,
Seattle Premium Outlets,10600 Quil Ceda Blvd,,Quil Ceda Village,WA,98271,eVgo Network,,48.093002,-122.189789,93343,3,1,CHADEMO J1772 J1772COMBO,,"For best pricing, register with EVgo using the EVgo App or at evgo.com ((Nissan No Charge To Charge)",,,50,50,,,,,0,min,0.29,0,min,0,1 (LEAF ONLY),45,,
North Bend Premium Outlets,461 S Fork Ave SW,,North Bend,WA,98045,eVgo Network,,47.491363,-121.793109,93352,2,2,CHADEMO J1772 J1772COMBO,,"For best pricing, register with EVgo using the EVgo App or at evgo.com ((Nissan No Charge To Charge)",,,50,50,,,,,0,min,0.29,0,min,0,1 (LEAF ONLY),45,,
Northgate Mall,401 NE Northgate Way,340 NE 103rd St,Seattle,WA,98125,eVgo Network,,47.7033,-122.32519,93364,3,1,CHADEMO J1772 J1772COMBO,,"For best pricing, register with EVgo using the EVgo App or at evgo.com ((Nissan No Charge To Charge)",,,50,50,,,,,0,min,0.29,0,min,0,1 (LEAF ONLY),45,,
Harvard Market,1406 Harvard Ave,,Seattle,WA,98122,eVgo Network,,47.613457,-122.321919,93443,,1,CHADEMO J1772COMBO,,"For best pricing, register with EVgo using the EVgo App or at evgo.com",,,50,50,,,,,0,min,0.29,0,min,0,1 (LEAF ONLY),45,,
The Landing,828 N 10th Pl,,Renton,WA,98057,eVgo Network,,47.49818,-122.204308,93483,,2,CHADEMO J1772COMBO,,"For best pricing, register with EVgo using the EVgo App or at evgo.com ((Nissan No Charge To Charge)",,,50,50,,,,,0,min,0.29,0,min,0,1 (LEAF ONLY),45,,
Walmart,1486 Dike Access Rd,,Woodland,WA,98674,eVgo Network,,45.928452,-122.762054,93531,,1,CHADEMO J1772COMBO,,"For best pricing, register with EVgo using the EVgo App or at evgo.com ((Nissan No Charge To Charge)",,,50,50,,,,,0,min,0.29,0,min,0,1 (LEAF ONLY),45,,
New Seasons,2755 77th Ave SE,,Mercer Island,WA,98040,eVgo Network,,47.584831,-122.235771,93550,,2,CHADEMO J1772COMBO,,"For best pricing, register with EVgo using the EVgo App or at evgo.com ((Nissan No Charge To Charge)",,,50,50,,,,,0,min,0.29,0,min,0,1 (LEAF ONLY),45,,
AAA,3000 196th St SW,,Lynnwood,WA,98036,eVgo Network,,47.820568,-122.273567,93552,,1,CHADEMO J1772COMBO,,"For best pricing, register with EVgo using the EVgo App or at evgo.com ((Nissan No Charge To Charge)",,,50,50,,,,,0,min,0.29,0,min,0,1 (LEAF ONLY),45,,
DC CORRIDOR,6701 Corson Ave S,,Seattle,WA,98108,ChargePoint Network,,47.5419455,-122.3243279,94394,,2,CHADEMO J1772COMBO,"$0.2 per hour, minimum payment of $4.95, maximum payment of $20, $4.95 per session, maximum session time is 2 hours",DCFC- $4.95 +0.20per min. ChargePoint card or app is required.,,,,,,,,,4.95,min,0,0,min,0.2,0,,20,
Clark Public Utilities - Administration Building,1200 Fort Vancouver Way,,Vancouver,WA,98663,Blink Network,,45.62953,-122.663519,95063,1,2,CHADEMO J1772,"Level 2: $0.39 per kWh, DC Fast: $0.49 per kWh",Fast Charging Blink Members: $0.39 per kwh Blink Guests: $0.49 per kwh Parking Rate: $2.00 per 1 hour Parking Rate Cap: N/A,,,,,,,,,0,kwh,0.49,0,min,0,1,,,
Haselwood Family YMCA Silverdale,3909 NW Randall Way,,Silverdale,WA,98383,Blink Network,,47.652505,-122.694367,95368,2,2,CHADEMO J1772,"Level 2: $0.49 per kWh, DC Fast: $0.59 per kWh",Fast Charging Blink Members: $0.49 per kwh Blink Guests: $0.59 per kwh,,,,,,,,,0,kwh,0.59,0,min,0,1,,,
Walgreens Store #7480,1701 Auburn Way S,,Auburn,WA,98002,Blink Network,,47.293216,-122.212814,95621,2,2,CHADEMO J1772,"Level 2: $0.49 per kWh, DC Fast: $0.59 per kWh",Fast Charging Blink Members: $0.49 per kwh Blink Guests: $0.59 per kwh (Nissan No Charge To Charge),,,,,,,,,0,kwh,0.59,0,min,0,1,,,
Walgreens Store #7594,1416 HARVEY RD,,AUBURN,WA,98002,Blink Network,,47.3207,-122.219776,95623,2,2,CHADEMO J1772,"Level 2: $0.49 per kWh, DC Fast: $0.59 per kWh",Fast Charging Blink Members: $0.49 per kwh Blink Guests: $0.59 per kwh,,,,,,,,,0,kwh,0.59,0,min,0,1,,,
Walgreens Store #12168,3929 Kitsap Way,,Bremerton,WA,98312,Blink Network,,47.56825,-122.66705,96282,2,2,CHADEMO J1772,"Level 2: $0.49 per kWh, DC Fast: $0.59 per kWh",Fast Charging Blink Members: $0.49 per kwh Blink Guests: $0.59 per kwh,,,,,,,,,0,kwh,0.59,0,min,0,1,,,
FRED MEYER - #460 Salmon Creek,800 NE Tenney Rd,,Vancouver,WA,98685,Blink Network,,45.720603,-122.663135,96405,1,2,CHADEMO J1772,"Level 2: $0.49 per kWh, DC Fast: $0.59 per kWh",Fast Charging Blink Members: $0.49 per kwh Blink Guests: $0.59 per kwh,,,,,,,,,0,kwh,0.59,0,min,0,1,,,
FRED MEYER - #683 Grand Central,2500 Columbia House Blvd,,Vancouver,WA,98661,Blink Network,,45.619627,-122.64478,96406,1,2,CHADEMO J1772,"Level 2: $0.49 per kWh, DC Fast: $0.59 per kWh",Fast Charging Blink Members: $0.49 per kwh Blink Guests: $0.59 per kwh (Nissan No Charge To Charge),,,,,,,,,0,kwh,0.59,0,min,0,1,,,
FRED MEYER - #391 Totem Lake,12221 120th Ave NE,,Kirkland,WA,98034,Blink Network,,47.708482,-122.183522,96407,2,2,CHADEMO J1772,"Level 2: $0.49 per kWh, DC Fast: $0.59 per kWh",Only J1772's (no DCFC),,,,,,,,,0,kwh,0.59,0,min,0,1,,,
FRED MEYER - #179 Lake City Way,13000 Lake City Way NE,,Seattle,WA,98125,Blink Network,,47.723689,-122.292383,96412,1,2,CHADEMO J1772,"Level 2: $0.49 per kWh, DC Fast: $0.59 per kWh",Fast Charging Blink Members: $0.49 per kwh Blink Guests: $0.59 per kwh,,,,,,,,,0,kwh,0.59,0,min,0,1,,,
Walgreens Store #7677,1502 Lake Tapps Parkway SE,,Auburn,WA,98092,Blink Network,,47.245269,-122.206909,96505,2,2,CHADEMO J1772,"Level 2: $0.49 per kWh, DC Fast: $0.59 per kWh",Fast Charging Blink Members: $0.49 per kwh Blink Guests: $0.59 per kwh,,,,,,,,,0,kwh,0.59,0,min,0,1,,,
Tahoma Market (I-5 Exit 137),6006 Pacific Highway East,,Fife,WA,98424,Blink Network,,47.24198,-122.348098,96628,4,2,CHADEMO J1772,"Level 2: $0.49 per kWh, DC Fast: $0.59 per kWh",Fast Charging Blink Members: $0.49 per kwh Blink Guests: $0.59 per kwh (Nissan No Charge To Charge),,,,,,,,,0,kwh,0.59,0,min,0,1,,,
DC CORRIDOR,6000 16th Ave SW,,Seattle,WA,98106,ChargePoint Network,,47.547708,-122.3527083,96763,,2,CHADEMO J1772COMBO,"$0.2 per hour, minimum payment of $4.95, maximum payment of $20, $4.95 per session, maximum session time is 2 hours",DCFC $4.95 +.20 per min. ChargePoint card or app is required.,,,,,,,,,4.95,min,0,0,min,0.2,0,,20,
DC CORRIDOR,9600 College Way N,,Seattle,WA,98103,ChargePoint Network,,47.6992271,-122.3346258,98770,,2,CHADEMO J1772COMBO,"$0.2 per hour, minimum payment of $4.95, maximum payment of $20, $4.95 per session, maximum session time is 2 hours",No such station on PlugShare,,,,,,,,,4.95,min,0,0,min,0.2,0,,20,
Greenlots - 63120,200 SW Grady Way,,Renton,WA,98057,Greenlots,,47.47077179,-122.2202072,99059,,2,CHADEMO J1772COMBO,"DC Fast: $3.50 per hour, minimum payment of $3.50, maximum payment of $30.00","$3.50/hour. Minimum fee might be $3.50 per session. Maximum session length shows as one hour, but may be more.",,,,,,,,,0,min,0.058,0,min,0,0,,30,
Greenlots - 63129,111 Valley Ave NE,,Puyallup,WA,98372,Greenlots,,47.20663834,-122.2922287,99067,,2,CHADEMO J1772COMBO,"DC Fast: $10.00 per hour, minimum payment of $3.00, maximum payment of $30.00",$10/hour through Greenlots,,,,,,,,,0,min,0.167,0,min,0,0,,30,
Greenlots - 63132,7230 S Tacoma Way,,Tacoma,WA,98409,Greenlots,,47.19060898,-122.4844208,99070,,2,CHADEMO J1772COMBO,"DC Fast: $7.00 per hour, maximum payment of $30.00",$7 per hour,,,,,,,,,0,min,0.117,0,min,0,0,,30,
Greenlots - 63135,17001 Aurora Ave N,,seattle,WA,98133,Greenlots,,47.75381088,-122.3465042,99073,,2,CHADEMO J1772COMBO,"DC Fast: $5.00 per hour, maximum payment of $20.00",$5hr / $0.083 cents minute,,,,,,,,,0,min,0.083,0,min,0,0,,20,
Greenlots - 52031,E 6th St,,Rosalia,WA,99170,Greenlots,,47.23467255,-117.3700638,99183,2,2,CHADEMO J1772 J1772COMBO,Level 2: $0.00 per kWh,"DCFC $.35 KWh, .50 minimum + 5% fee",,,,,,,,,0,kwh,0.35,0,min,0,0,,25,
Greenlots - 52084,500 N Cedar St,,Spokane,WA,99201,Greenlots,,47.662197,-117.431889,99263,2,2,CHADEMO J1772 J1772COMBO,Level 2: Free,"Doesn’t charge per kWh used. High power costs $0.35 per kWh, minimum $0.50, max $25.00",,,,,,,,,0,kwh,0.35,0,min,0,0,,25,
Greenlots - 43142,150 E Spring St.,,Pullman,WA,99163,Greenlots,,46.728904,-117.176165,99277,2,2,CHADEMO J1772 J1772COMBO,"DC Fast: $0.35 per kWh, minimum payment of $0.50, maximum payment of $25.00",J1772 is the only station that is free.,,,,,,,,,0,kwh,0.35,0,min,0,0,,25,
Greenlots - 53013,E. Mission Ave,,Liberty Lake,WA,99019,Greenlots,,47.67052841,-117.1032639,99280,2,2,CHADEMO J1772 J1772COMBO,"DC Fast: $0.35 per kWh, minimum payment of $0.50, maximum payment of $25.00",No info about DCFC price on PlugShare,,,,,,,,,0,kwh,0.35,0,min,0,0,,25,
Greenlots - 53004,2535 16th Ave S,,Seattle,WA,98144,Greenlots,,47.579971,-122.312333,99282,,4,CHADEMO J1772COMBO,"DC Fast: $0.43 per kWh, maximum payment of $30.00",$0.43/kwh,,,,,,,,,0,kwh,0.43,0,min,0,0,,30,
Greenlots - 43156,2901 Southridge Blvd,,Kennewick,WA,99337,Greenlots,,46.181372,-119.184406,99296,1,2,CHADEMO J1772 J1772COMBO,DC Fast: $21.00 per hour,DC FC: 35¢/minute prorated. Requires Greenlots card/app to access,,,,,,,,,0,min,0.35,0,min,0,0,,,
Greenlots - 112472U,269-299 N Main St,,Ellensburg,WA,98926,Greenlots,,46.994109,-120.548798,99297,1,2,CHADEMO J1772 J1772COMBO,Level 2: $1.50 per hour,"DC FC: $21/hour, 35¢/minute prorated. Requires Greenlots card/app to access",,,,,,,,,0,min,0.35,0,min,0,0,,,
Benton Public Utility District - Southridge,2921 Southridge Blvd,,Kennewick,WA,99336,Non-Networked,?,46.179735,-119.188128,99358,1,1,CHADEMO J1772 J1772COMBO,"Level 2: $1.25 per hour, DC fast: $0.25 per minute",No such station on PlugShare,,,,,,,,,0,kwh,0.59,0,min,0,,,,
DC CORRIDOR,338 Weller St Bridge,98104 not 98134,Seattle,WA,98134,ChargePoint Network,,47.5974028,-122.3304456,99591,,8,CHADEMO J1772COMBO,"$0.2 per hour, minimum payment of $4.95, maximum payment of $20, $4.95 per session, maximum session time is 2 hours",DCFast- $4.95 +.20 cents per min. CP card or app is required. ,,,,,,,,,4.95,min,0,0,min,0.2,0,,20,
Bellevue College - DCFC,3000 Landerholm Circle SE,3036 Snoqualamie River Road (98007),Bellevue,WA,98007,Blink Network,,47.584996,-122.150454,99920,,2,CHADEMO,Free,No info about DCFC price on PlugShare,,,,,,,,,0,kwh,0.49,0,min,0,1,,,
LeMay-America's Car Museum,2702 E D St,,Tacoma,WA,98421,eVgo Network,,47.234898,-122.429536,100242,2,2,CHADEMO J1772 J1772COMBO,,"For best pricing, register with EVgo using the EVgo App or at evgo.com ((Nissan No Charge To Charge)",,,50,50,,,,,0,min,0.29,0,min,0,1 (LEAF ONLY),45,,
DC CORRIDOR,9800 4th Ave NE,,Seattle,WA,98115,ChargePoint Network,,47.700101,-122.32406,103573,,4,CHADEMO J1772COMBO,"$0.2 per hour, minimum payment of $4.95, maximum payment of $20, $4.95 per session, maximum session time is 2 hours",DCFastCh$4.95 + .20per minChargePoint card ,,,,,,,,,4.95,min,0,0,min,0.2,0,,20,
Greenlots - 53027,10810 W. Westbow Road,99224 not 99201,Spoakane,WA,99201,Greenlots,,47.58996964,-117.5658417,103577,,2,CHADEMO J1772COMBO,"DC Fast: $0.35 per kWh, minimum payment of $0.50, maximum payment of $25.00",$0.35 kWh DCQC,,,,,,,,,0,kwh,0.35,0,min,0,0,,25,
Greenlots - 43158,51 Firing Center Rd,,Yakima,WA,98901,Greenlots,,46.677105,-120.478546,103581,1,2,CHADEMO J1772 J1772COMBO,DC Fast: $21.00 per hour,"DC Fast charge$21hr, 35¢/minute prorated-",,,,,,,,,0,min,0.35,0,min,0,0,,,
Greenlots - 43163,2411 W Court St,,pasco,WA,99301,Greenlots,,46.241729,-119.124176,103586,1,2,CHADEMO J1772 J1772COMBO,DC Fast: $21.00 per hour,"DC FC: $21/hour, 35¢/minute prorated (Requires Greenlots card/app to access)",,,,,,,,,0,min,0.35,0,min,0,0,,,
Greenlots - 53017,438 E Hasting Rd.,,Spokane,WA,99218,Greenlots,,47.768802,-117.401944,103612,2,2,CHADEMO J1772 J1772COMBO,"DC Fast: $0.35 per kWh, minimum payment of $0.50, maximum payment of $25.00",No info about DCFC price on PlugShare,,,,,,,,,0,kwh,0.35,0,min,0,0,,25,
Walgreens Store #7700,34008 Hoyt Rd. SW,,Federal Way,WA,98023,Blink Network,,47.2968474,-122.3814568,104165,2,2,CHADEMO J1772,"Level 2: $0.49 per kWh, DC Fast: $0.59 per kWh",Fast Charging Blink Members: $0.49 per kwh Blink Guests: $0.59 per kwh,,,,,,,,,0,kwh,0.59,0,min,0,1,,,
DC CORRIDOR,11536 Lake City Way NE,11550 Lake City Way NE,Seattle,WA,98125,ChargePoint Network,,47.7132239,-122.2984152,104285,,2,CHADEMO J1772COMBO,"$0.2 per hour, minimum payment of $4.95, maximum payment of $20, $4.95 per session, maximum session time is 2 hours",DCFC $4.95 + .20per min. 1 hour max. ChargePoint card or app is requi,,,,,,,,,4.95,min,0,0,min,0.2,0,,20,
DC CORRIDOR,200 2nd Ave N,,Seattle,WA,98109,ChargePoint Network,,47.619436,-122.351371,104286,,2,CHADEMO J1772COMBO,"$0.2 per hour, minimum payment of $4.95, maximum payment of $20, $4.95 per session, maximum session time is 2 hours",,,,,,,,,,4.95,min,0,0,min,0.2,0,,20,
Harvest Chevrolet,1600 E Yakima Ave,,Yakima,WA,98901,Non-Networked,Chevrolet,46.604239,-120.481583,105361,2,1,J1772 J1772COMBO,Free,No info about DCFC price on PlugShare,24,,,,,,,,0,min,0,0,min,0,0,,,
Cascade Chevrolet,148 Easy St,,Wenatchee,WA,98801,Non-Networked,Chevrolet,47.467463,-120.336918,105362,1,1,J1772 J1772COMBO,Free,Free,24,,,,,,,,0,min,0,0,min,0,0,,,
Gateway Transit Center,128 E Railroad Ave,111 E Front St,Port Angeles,WA,98362,Non-Networked,SemaCharge,48.119672,-123.431005,105363,,1,CHADEMO J1772COMBO,Free,"$1.50/Hr for first 3 hours, $5.00/Hr afterwards",,,,,,,,,0,min,0.025,0,min,0,0,180,180,
Greenlots - 43157,811 Hiway 970,,Cle Elum,WA,98922,Greenlots,,47.18890381,-120.9030991,118061,,2,CHADEMO J1772COMBO,DC Fast: $21.00 per hour,"Standard Greenlots prices, currently $0.35/minute for DC Fast. (1 CCS/SAE and 1 CHAdeMO)",,,,,,,,,0,min,0.35,0,min,0,0,,,
JLR BELLEVUE,13817 NE 20th St,,Bellevue,WA,98005,ChargePoint Network,,47.626541,-122.155852,119039,1,1,J1772 J1772COMBO,Free,No info about DCFC price on PlugShare,24,,,,,,,,0,min,0,0,min,0,0,,,
DC CORRIDOR,200 2nd Ave,,Seattle,WA,98109,ChargePoint Network,,47.6195776,-122.3509502,121663,,2,CHADEMO J1772COMBO,"$0.2 per hour, minimum payment of $4.95, maximum payment of $20, $4.95 per session, maximum session time is 2 hours",Parking Rates**: 0–3 Hrs – $9 3-5 Hrs – $11 5-10 Hrs – $13 after 4 p.m. – $7 (7-2019: $4.95 minimum & $20 per 2 hours),,,,,,,,,4.95,min,0,0,min,0.2,0,,20,
"Walmart 2539 - Spokane Valley, WA",15727 E Broadway Ave,,Spokane Valley,WA,99037,Electrify America,,47.665596,-117.190123,121703,,8,CHADEMO J1772COMBO,,"$1 plus $0.89/min at 125kW or more, $0.58/min between 125kW and 75kW, $0.21/min at 75kW or less. Pass+ pricing: $0.60/min at 125kW or more, $0.42/min between 125kW and 75kW, $0.15/min at 75kW or less. 40 cents per minute additional if car not moved ten minutes after session ends. See https://www.electrifyamerica.com/pricing for details.",,,,,,,,,1,min,0.25,0,min,0,0,,,
North Bend Premium Outlets,461 S. Fork Avenue,,North Bend,WA,98045,Electrify America,,47.491288,-121.793559,121704,,4,CHADEMO J1772COMBO,,"$1 plus $0.89/min at 125kW or more, $0.58/min between 125kW and 75kW, $0.21/min at 75kW or less. Pass+ pricing: $0.60/min at 125kW or more, $0.42/min between 125kW and 75kW, $0.15/min at 75kW or less. 40 cents per minute additional if car not moved ten minutes after session ends. See https://www.electrifyamerica.com/pricing for details.",,,,,,,,,1,min,0.25,0,min,0,0,,,
Taco Bell Ellensburg,1406 Canyon Road,,Ellensburg,WA,98926,Electrify America,,46.978901,-120.543425,121705,,4,CHADEMO J1772COMBO,,"$1 plus $0.89/min at 125kW or more, $0.58/min between 125kW and 75kW, $0.21/min at 75kW or less. Pass+ pricing: $0.60/min at 125kW or more, $0.42/min between 125kW and 75kW, $0.15/min at 75kW or less. 40 cents per minute additional if car not moved ten minutes after session ends. See https://www.electrifyamerica.com/pricing for details.",,,,,,,,,1,min,0.25,0,min,0,0,,,
Walmart 2947 Vancouver,9000 NE HIGHWAY 99,,Vancouver,WA,98665,Electrify America,,45.687387,-122.660913,121709,,6,CHADEMO J1772COMBO,,"$1 plus $0.89/min at 125kW or more, $0.58/min between 125kW and 75kW, $0.21/min at 75kW or less. Pass+ pricing: $0.60/min at 125kW or more, $0.42/min between 125kW and 75kW, $0.15/min at 75kW or less. 40 cents per minute additional if car not moved ten minutes after session ends. See https://www.electrifyamerica.com/pricing for details.",,,,,,,,,1,min,0.25,0,min,0,0,,,
"Walmart 5195 - Everett, WA",11400 Hwy. 99,,Everett,WA,98204,Electrify America,,47.893501,-122.256001,122743,1,3,CHADEMO J1772 J1772COMBO,,"$1 plus $0.89/min at 125kW or more, $0.58/min between 125kW and 75kW, $0.21/min at 75kW or less. Pass+ pricing: $0.60/min at 125kW or more, $0.42/min between 125kW and 75kW, $0.15/min at 75kW or less. 40 cents per minute additional if car not moved ten minutes after session ends. See https://www.electrifyamerica.com/pricing for details.",,,,,,,,,1,min,0.25,0,min,0,0,,,
"Walmart 2596 - Mount Vernon, WA",2301 Freeway Dr. null,,Mount Vernon,WA,98273,Electrify America,,48.44174,-122.344757,123004,,4,CHADEMO J1772COMBO,,"$1 plus $0.89/min at 125kW or more, $0.58/min between 125kW and 75kW, $0.21/min at 75kW or less. Pass+ pricing: $0.60/min at 125kW or more, $0.42/min between 125kW and 75kW, $0.15/min at 75kW or less. 40 cents per minute additional if car not moved ten minutes after session ends. See https://www.electrifyamerica.com/pricing for details.",,,,,,,,,1,min,0.25,0,min,0,0,,,
"Target T2290 - Renton, WA",1215 N Landing Way,,Renton,WA,98057,Electrify America,,47.497292,-122.199295,123050,1,3,CHADEMO J1772 J1772COMBO,,"$1 plus $0.89/min at 125kW or more, $0.58/min between 125kW and 75kW, $0.21/min at 75kW or less. Pass+ pricing: $0.60/min at 125kW or more, $0.42/min between 125kW and 75kW, $0.15/min at 75kW or less. 40 cents per minute additional if car not moved ten minutes after session ends. See https://www.electrifyamerica.com/pricing for details.",,,,,,,,,1,min,0.25,0,min,0,0,,,
"Target T0338 - Lynnwood, WA",18305 Alderwood Mall Pkwy,,Lynnwood,WA,98037,Electrify America,,47.831991,-122.267332,123446,1,3,CHADEMO J1772 J1772COMBO,,"$1 plus $0.89/min at 125kW or more, $0.58/min between 125kW and 75kW, $0.21/min at 75kW or less. Pass+ pricing: $0.60/min at 125kW or more, $0.42/min between 125kW and 75kW, $0.15/min at 75kW or less. 40 cents per minute additional if car not moved ten minutes after session ends. See https://www.electrifyamerica.com/pricing for details.",,,,,,,,,1,min,0.25,0,min,0,0,,,
"Walmart 3531 - Lacey, WA",1401 Galaxy Dr. NE,,Lacey,WA,98516,Electrify America,,47.059659,-122.77201,123479,,6,CHADEMO J1772COMBO,,"$1 plus $0.89/min at 125kW or more, $0.58/min between 125kW and 75kW, $0.21/min at 75kW or less. Pass+ pricing: $0.60/min at 125kW or more, $0.42/min between 125kW and 75kW, $0.15/min at 75kW or less. 40 cents per minute additional if car not moved ten minutes after session ends. See https://www.electrifyamerica.com/pricing for details.",,,,,,,,,1,min,0.25,0,min,0,0,,,
"Walmart 5073 - Covington, WA",17432 SE 270th PL null,,Covington,WA,98042,Electrify America,,47.360982,-122.110209,124057,1,3,CHADEMO J1772 J1772COMBO,,"$1 plus $0.89/min at 125kW or more, $0.58/min between 125kW and 75kW, $0.21/min at 75kW or less. Pass+ pricing: $0.60/min at 125kW or more, $0.42/min between 125kW and 75kW, $0.15/min at 75kW or less. 40 cents per minute additional if car not moved ten minutes after session ends. See https://www.electrifyamerica.com/pricing for details.",,,,,,,,,1,min,0.25,0,min,0,0,,,
Seattle Premium Outlets,10600 Quil Ceda Blvd.,,Tulalip,WA,98271,Electrify America,,48.095461,-122.186896,124683,,4,CHADEMO J1772COMBO,,"$1 plus $0.89/min at 125kW or more, $0.58/min between 125kW and 75kW, $0.21/min at 75kW or less. Pass+ pricing: $0.60/min at 125kW or more, $0.42/min between 125kW and 75kW, $0.15/min at 75kW or less. 40 cents per minute additional if car not moved ten minutes after session ends. See https://www.electrifyamerica.com/pricing for details.",,,,,,,,,1,min,0.25,0,min,0,0,,,
Three Rivers Mall,351 Three Rivers Dr.,,Kelso,WA,98626,Electrify America,,46.139875,-122.901263,124684,,4,CHADEMO J1772COMBO,,"$1 plus $0.89/min at 125kW or more, $0.58/min between 125kW and 75kW, $0.21/min at 75kW or less. Pass+ pricing: $0.60/min at 125kW or more, $0.42/min between 125kW and 75kW, $0.15/min at 75kW or less. 40 cents per minute additional if car not moved ten minutes after session ends. See https://www.electrifyamerica.com/pricing for details.",,,,,,,,,1,min,0.25,0,min,0,0,,,
"Walmart 4137 - Tacoma, WA",1965 S Union Ave.,,Tacoma,WA,98405,Electrify America,,47.239472,-122.480252,135872,1,3,CHADEMO J1772 J1772COMBO,,"$1 plus $0.89/min at 125kW or more, $0.58/min between 125kW and 75kW, $0.21/min at 75kW or less. Pass+ pricing: $0.60/min at 125kW or more, $0.42/min between 125kW and 75kW, $0.15/min at 75kW or less. 40 cents per minute additional if car not moved ten minutes after session ends. See https://www.electrifyamerica.com/pricing for details.",,,,,,,,,1,min,0.25,0,min,0,0,,,
"Walmart 2269 - Yakima, WA",1600 East Chestnut Ave.,,Yakima,WA,98901,Electrify America,,46.60252,-120.47924,136697,,4,CHADEMO J1772COMBO,,"$1 plus $0.89/min at 125kW or more, $0.58/min between 125kW and 75kW, $0.21/min at 75kW or less. Pass+ pricing: $0.60/min at 125kW or more, $0.42/min between 125kW and 75kW, $0.15/min at 75kW or less. 40 cents per minute additional if car not moved ten minutes after session ends. See https://www.electrifyamerica.com/pricing for details.",,,,,,,,,1,min,0.25,0,min,0,0,,,
Whole Foods Bellingham,1030 Lakeway Dr,,Bellingham,WA,98229,eVgo Network,,48.74393,-122.461854,138537,,2,CHADEMO J1772COMBO,,Only info: Nissan No Charge To Charge,,,50,50,,,,,0,min,0.29,0,min,0,1 (LEAF ONLY),45,,
LONE WOLF H-D,19011 E Cataldo Ave,,Spokane Valley,WA,99016,ChargePoint Network,,47.6674691,-117.1493042,143152,,1,J1772COMBO,Free,Only Level 2 available in station (according to PlugShare),,,,,0,0,Harley-Chargepoint free,,0,min,0,0,min,0,0,,,
HARLEY1,5711 188th St SW,,Lynnwood,WA,98037,ChargePoint Network,,47.828644,-122.310875,143212,,1,J1772COMBO,"Pricing is based on length of time and kWh used. $0 per hour, and $1 per additional hour, $0.16 per kWh",$5/30mins,,,,,,,Harley-Chargepoint free,,0,kwh,0.16,0,min,0.0167,0,,,
DESTINATION,2302 Pacific Hwy E,,Fife,WA,98424,ChargePoint Network,,47.24293,-122.39677,143215,,1,J1772COMBO,"Pricing is based on length of time. $0.1 per hour for the first 2 hours, and $0.2 per additional hour",No info about DCFC price on PlugShare,,,,,,,Harley-Chargepoint free,"First two hours $0.1/min, therafter $0.2/min ",0,min,0,0,min,0.1,0,120,,
EASTSIDE HD,2301 140th Ave NE,,Bellevue,WA,98005,ChargePoint Network,,47.630585,-122.15664,143313,,1,J1772COMBO,"Pricing is based on length of time and kWh used. $0 per hour, and $1 per additional hour, $0.16 per kWh",$1 per session. $0.16 per kWh. $1 per minutes while charging and after 15 minutes after charging stops.,,,,,,,,,1,min,0,0,min,0,0,,,
NWHD CHARGING,8000 Freedom Ln NE,,Lacey,WA,98516,ChargePoint Network,,47.0616742,-122.7708595,143374,,1,J1772COMBO,Free,No info about DCFC price on PlugShare (apparently not activated yet),22,,,,,,,,0,min,0,0,min,0,0,,,
CHARLESTON BASE,200 Charleston Blvd,,Bremerton,WA,98312,ChargePoint Network,,47.5607013,-122.6541514,143563,,2,CHADEMO J1772COMBO,Free,No such station on PlugShare,,,,,,,,,0,min,0,0,min,0,?,?,?,NO SUCH STATION ON PLUGSHARE AND NETWORK'S WEBSITE
Chehalis Commerce District,1701 NW Louisiana Ave,,Chehalis,WA,98532,eVgo Network,,46.67925,-122.975256,143835,2,1,CHADEMO J1772 J1772COMBO,,"For best pricing, register with EVgo using the EVgo App or at evgo.com",,,50,50,,,,,0,min,0.29,0,min,0,1 (LEAF ONLY),45,,
Greenlots - 53014,721 N Cincinnati,,Spokane,WA,99201,Greenlots,,47.66310501,-117.4004898,143939,,2,CHADEMO J1772COMBO,DC Fast: $0.35 per kWh,"Description: DCFC costs $0.35 per kWh, minimum $0.50, max $25.00.",,,,,,,,,0,kwh,0.35,0,min,0,0,,25,
Dupont Center - Ace Hardware,1585 McNeil St,,DuPont,WA,98327,eVgo Network,,47.092582,-122.644253,143969,2,4,CHADEMO J1772 J1772COMBO,,No info about DCFC price on PlugShare,,,50,50,,,,,0,min,0.29,0,min,0,1 (LEAF ONLY),45,,
"Walmart 3053 - Everett, WA",1605 SE Everett Mall Way,,Everett,WA,98208,Electrify America,,47.913486,-122.213314,143970,,10,CHADEMO J1772COMBO,,"$1 plus $0.89/min at 125kW or more, $0.58/min between 125kW and 75kW, $0.21/min at 75kW or less. Pass+ pricing: $0.60/min at 125kW or more, $0.42/min between 125kW and 75kW, $0.15/min at 75kW or less. 40 cents per minute additional if car not moved ten minutes after session ends. See https://www.electrifyamerica.com/pricing for details.",,,,,,,,,1,min,0.25,0,min,0,0,,,
Cow Creek Mercantile,1611 Smittys Blvd.,,Ritzville,WA,99169,Electrify America,,47.119482,-118.362709,143971,,4,CHADEMO J1772COMBO,,"$1 plus $0.89/min at 125kW or more, $0.58/min between 125kW and 75kW, $0.21/min at 75kW or less. Pass+ pricing: $0.60/min at 125kW or more, $0.42/min between 125kW and 75kW, $0.15/min at 75kW or less. 40 cents per minute additional if car not moved ten minutes after session ends. See https://www.electrifyamerica.com/pricing for details.",,,,,,,,,1,min,0.25,0,min,0,0,,,
EDMONDSNISSAN,"24325 Highway 99 Edmonds, WA. 98026",,Edmonds,WA,98026,ChargePoint Network,,47.778256,-122.3448322,144074,,2,CHADEMO J1772COMBO,$6 per session,CCS charger is flat rate $6 per session.,,,,,?,?,,,6,min,0,0,min,0,1 (LEAF ONLY),,,
"Walmart 5462 - Vancouver, WA",430 SE 192nd Ave.,,Vancouver,WA,98683,Electrify America,,45.617755,-122.478138,144090,1,3,CHADEMO J1772 J1772COMBO,,"$1 plus $0.89/min at 125kW or more, $0.58/min between 125kW and 75kW, $0.21/min at 75kW or less. Pass+ pricing: $0.60/min at 125kW or more, $0.42/min between 125kW and 75kW, $0.15/min at 75kW or less. 40 cents per minute additional if car not moved ten minutes after session ends. See https://www.electrifyamerica.com/pricing for details.",,,,,,,,,1,min,0.25,0,min,0,0,,,
SeaTac Cell Phone Parking Lot,2623 S 170th St,98158 not 98188,Seattle,WA,98188,eVgo Network,,47.450258,-122.299448,144984,,2,CHADEMO J1772COMBO,,No info about DCFC price on PlugShare,,,50,50,,,,,0,min,0.29,0,min,0,1 (LEAF ONLY),45,,
DC CORRIDOR,750 N 50th St,,Seattle,WA,98103,ChargePoint Network,,47.6654703,-122.3502919,145151,,2,CHADEMO J1772COMBO,"$0.2 per hour, minimum payment of $4.95, maximum payment of $20, $4.95 per session, maximum session time is 2 hours","DC Fast - Previously a paid station but now disconnected from the ChargePoint network, and free",,,50,50,,,,,4.95,min,0,0,min,0.2,0,,20,
Greenlots - 43164,"138–306 S Columbia Ave, Connell, WA 99326, United States",,Connell,WA,99326,Greenlots,,46.66012573,-118.8611832,145586,,2,CHADEMO J1772COMBO,DC Fast: $21.00 per hour,No info about DCFC price on PlugShare,,,,,,,,,0,min,0.35,0,min,0,0,,,
"Target T1331 - Lake Stevens, WA",9601 Market Place,,Lake Stevens,WA,98258,Electrify America,,47.998233,-122.100638,145684,1,6,CHADEMO J1772 J1772COMBO,,"$1 plus $0.89/min at 125kW or more, $0.58/min between 125kW and 75kW, $0.21/min at 75kW or less. Pass+ pricing: $0.60/min at 125kW or more, $0.42/min between 125kW and 75kW, $0.15/min at 75kW or less. 40 cents per minute additional if car not moved ten minutes after session ends. See https://www.electrifyamerica.com/pricing for details.",,,,,,,,,1,min,0.25,0,min,0,0,,,
JET CITY HARLEY,3715 E Valley Rd,,Renton,WA,98057,ChargePoint Network,,47.4463797,-122.2196648,146804,,1,J1772COMBO,Free,No info about DCFC price on PlugShare,,,,,,,,Parking Free for First hour Thereafter $0.1/min,0,kwh,0.1,0,min,0,0,,,
Simon Northgate Mall,401 NE Northgate Way,,Seattle,WA,98125,Electrify America,,47.708457,-122.324887,146948,1,3,CHADEMO J1772 J1772COMBO,,"$1 plus $0.89/min at 125kW or more, $0.58/min between 125kW and 75kW, $0.21/min at 75kW or less. Pass+ pricing: $0.60/min at 125kW or more, $0.42/min between 125kW and 75kW, $0.15/min at 75kW or less. 40 cents per minute additional if car not moved ten minutes after session ends. See https://www.electrifyamerica.com/pricing for details.",,,,,,,,,1,min,0.25,0,min,0,0,,,
